Catégorie,Titre,Contenu
Général,Salutation,"Bonjour *prenom* *nom*,"
Urgent,CTA,Merci de confirmer #aujourd’hui:dès que possible#.
Général,Accusé de réception,Merci pour votre message concernant *produit*. Nous avons bien reçu votre demande et revenons vers vous au plus vite.
Suivi,Relance courte,Je me permets de revenir vers vous au sujet de *dossier*. Avez-vous eu le temps de regarder #oui:non# ?
Support,Procédure rapide,"Pouvez-vous tester cette manipulation :
1) Redémarrer l’appareil
2) Mettre à jour le firmware
3) Refaire un essai sur *platforme*."
Général,Signature,"Cordialement,
*prenom*"
Facturation,Rappel facture,Nous constatons qu’une facture *numero* reste en attente. Merci de nous indiquer votre statut de paiement.
Partenaires,Partenariat,Ravi d’échanger sur notre collaboration. Êtes-vous disponible #cette semaine:la semaine prochaine# ?